-- Users table
insert into Users (username, rating, password, numPets, location, contact_number, verification_qn, answer) values ('Alice', 6, '71oJZpQIHR', 2, '320 Lotheville Pass', '6326062455', 'Aliquam quis turpis eget elit sodales scelerisque.', 'Sed sagittis.');
insert into Users (username, rating, password, numPets, location, contact_number, verification_qn, answer) values ('Bob', 7, 'SaTJYEoPDSa', 3, '86196 Tennyson Place', '5608495262', 'Morbi vel lectus in quam fringilla rhoncus.', 'Praesent lectus.');
insert into Users (username, rating, password, numPets, location, contact_number, verification_qn, answer) values ('Catherine', 4, '91eh9le', 2, '59 Hagan Lane', '1878628621', 'Nam congue, risus semper porta volutpat, quam pede lobortis ligula, sit amet eleifend pede libero quis orci.', 'Quisque arcu libero, rutrum ac, lobortis vel, dapibus at, diam.');
insert into Users (username, rating, password, numPets, location, contact_number, verification_qn, answer) values ('Daisy', 7, 'd8UWFJp', 1, '075 Crowley Junction', '3114314284', 'Nulla tellus.', 'Proin eu mi.');
insert into Users (username, rating, password, numPets, location, contact_number, verification_qn, answer) values ('Emma', 6, 'UDtaen19Y', 4, '16 Merry Street', '5739770769', 'In hac habitasse platea dictumst.', 'In hac habitasse platea dictumst.');
insert into Users (username, rating, password, numPets, location, contact_number, verification_qn, answer) values ('Ashley', 9, 'LqBHqq', 1, '0846 Ridgeview Court', '6287553911', 'Quisque erat eros, viverra eget, congue eget, semper rutrum, nulla.', 'Praesent blandit.');
insert into Users (username, rating, password, numPets, location, contact_number, verification_qn, answer) values ('Linda', 10, 'YSq3zvEXHv', 1, '4 Rowland Court', '4864745813', 'Aenean lectus.', 'Aenean lectus.');
insert into Users (username, rating, password, numPets, location, contact_number, verification_qn, answer) values ('Mary', 8, 'wXfeDnd', 2, '258 Emmet Court', '2095797714', 'Nulla facilisi.', 'Maecenas rhoncus aliquam lacus.');
insert into Users (username, rating, password, numPets, location, contact_number, verification_qn, answer) values ('Sansa', 3, 'AuoND4', 3, '50 Reinke Parkway', '6853374155', 'Donec diam neque, vestibulum eget, vulputate ut, ultrices vel, augue.', 'Suspendisse potenti.');
insert into Users (username, rating, password, numPets, location, contact_number, verification_qn, answer) values ('Daenerys', 3, 'GyDtI1UX9gLm', 1, '7 Myrtle Parkway', '1888500912', 'Etiam vel augue.', 'Praesent id massa id nisl venenatis lacinia.');
insert into Users (username, rating, password, numPets, location, contact_number, verification_qn, answer) values ('JonSnow', 3, 'BFYzHvCr8bwf', 10, '4618 Oak Park', '5826298909', 'Duis bibendum, felis sed interdum venenatis, turpis enim blandit mi, in porttitor pede justo eu massa.', 'Curabitur convallis.');
insert into Users (username, rating, password, numPets, location, contact_number, verification_qn, answer) values ('Arya', 5, 'NzgF59', 6, '07613 Clarendon Parkway', '3861417769', 'Fusce consequat.', 'Praesent lectus.');
insert into Users (username, rating, password, numPets, location, contact_number, verification_qn, answer) values ('Cersei', 8, 'rY2wcu6iqB', 5, '8 Mitchell Court', '6861099773', 'Etiam pretium iaculis justo.', 'Suspendisse potenti.');
insert into Users (username, rating, password, numPets, location, contact_number, verification_qn, answer) values ('Tyrion', 5, 'e3N3f7JmsM', 4, '5304 Muir Alley', '2346335952', 'Praesent lectus.', 'Morbi non quam nec dui luctus rutrum.');
insert into Users (username, rating, password, numPets, location, contact_number, verification_qn, answer) values ('Jamie', 5, 'lIYJA4DhO', 4, '985 8th Avenue', '6075463911', 'Mauris lacinia sapien quis libero.', 'Morbi vel lectus in quam fringilla rhoncus.');
insert into Users (username, rating, password, numPets, location, contact_number, verification_qn, answer) values ('Brienne', 4, 'U2N4FK', 10, '5 Westerfield Drive', '7881672777', 'Fusce consequat.', 'Donec odio justo, sollicitudin ut, suscipit a, feugiat et, eros.');
insert into Users (username, rating, password, numPets, location, contact_number, verification_qn, answer) values ('Khal', 10, '5YzqvsO7', 5, '0778 Pleasure Lane', '6607882939', 'Sed accumsan felis.', 'Etiam pretium iaculis justo.');
insert into Users (username, rating, password, numPets, location, contact_number, verification_qn, answer) values ('Theon', 7, 'lRQIG0OJmgM', 1, '2 Lawn Road', '5117255545', 'Proin risus.', 'Duis consequat dui nec nisi volutpat eleifend.');
insert into Users (username, rating, password, numPets, location, contact_number, verification_qn, answer) values ('Jorah', 10, 'ChCX876NH5vM', 1, '13 Artisan Street', '7427460876', 'Morbi porttitor lorem id ligula.', 'Vivamus vel nulla eget eros elementum pellentesque.');
insert into Users (username, rating, password, numPets, location, contact_number, verification_qn, answer) values ('Bran', 6, 'FRRrhumD', 6, '5334 Bartillon Court', '7957476774', 'Sed vel enim sit amet nunc viverra dapibus.', 'Integer a nibh.');

-- PetOwners
insert into PetOwners (username) values ('Alice');
insert into PetOwners (username) values ('Bob');
insert into PetOwners (username) values ('Catherine');
insert into PetOwners (username) values ('Daisy');
insert into PetOwners (username) values ('Emma');
insert into PetOwners (username) values ('Ashley');
insert into PetOwners (username) values ('Linda');
insert into PetOwners (username) values ('Mary');
insert into PetOwners (username) values ('Sansa');
insert into PetOwners (username) values ('Daenerys');

-- Pets
insert into Pets (petName, petType, ownerName) values ('Alice1', 'A', 'Alice');
insert into Pets (petName, petType, ownerName) values ('Alice2', 'B', 'Alice');
insert into Pets (petName, petType, ownerName) values ('Bob1', 'B', 'Bob');
insert into Pets (petName, petType, ownerName) values ('Bob2', 'C', 'Bob');
insert into Pets (petName, petType, ownerName) values ('Bob3', 'D', 'Bob');
insert into Pets (petName, petType, ownerName) values ('Catherine1', 'E', 'Catherine');
insert into Pets (petName, petType, ownerName) values ('Catherine2', 'F', 'Catherine');
insert into Pets (petName, petType, ownerName) values ('Daisy1', 'G', 'Daisy');
insert into Pets (petName, petType, ownerName) values ('Emma1', 'F', 'Emma');
insert into Pets (petName, petType, ownerName) values ('Emma2', 'G', 'Emma');
insert into Pets (petName, petType, ownerName) values ('Emma3', 'A', 'Emma');
insert into Pets (petName, petType, ownerName) values ('Emma4', 'C', 'Emma');
insert into Pets (petName, petType, ownerName) values ('Ashley1', 'R', 'Ashley');
insert into Pets (petName, petType, ownerName) values ('Linda1', 'T', 'Linda');
insert into Pets (petName, petType, ownerName) values ('Mary1', 'Y', 'Mary');
insert into Pets (petName, petType, ownerName) values ('Mary2', 'Y', 'Mary');
insert into Pets (petName, petType, ownerName) values ('Sansa1', 'T', 'Sansa');
insert into Pets (petName, petType, ownerName) values ('Sansa2', 'Y', 'Sansa');
insert into Pets (petName, petType, ownerName) values ('Sansa3', 'I', 'Sansa');
insert into Pets (petName, petType, ownerName) values ('Daenerys1', 'P', 'Daenerys');

-- Favorite
insert into Favorite (ownerName, hostName) values ('Alice', 'Bran');
insert into Favorite (ownerName, hostName) values ('Bob', 'Bran');
insert into Favorite (ownerName, hostName) values ('Catherine', 'Jorah');
insert into Favorite (ownerName, hostName) values ('Catherine', 'Theon');
insert into Favorite (ownerName, hostName) values ('Daisy', 'Khal');
insert into Favorite (ownerName, hostName) values ('Daenerys', 'Khal');
insert into Favorite (ownerName, hostName) values ('Emma', 'Brienne');
insert into Favorite (ownerName, hostName) values ('Emma', 'Jamie');
insert into Favorite (ownerName, hostName) values ('Ashley', 'Cersei');
insert into Favorite (ownerName, hostName) values ('Linda', 'Jamie');
insert into Favorite (ownerName, hostName) values ('Linda', 'Brienne');
insert into Favorite (ownerName, hostName) values ('Linda', 'Arya');
insert into Favorite (ownerName, hostName) values ('Mary', 'Arya');
insert into Favorite (ownerName, hostName) values ('Sansa', 'Arya');
insert into Favorite (ownerName, hostName) values ('Emma', 'Arya');
insert into Favorite (ownerName, hostName) values ('Daenerys', 'JonSnow');
insert into Favorite (ownerName, hostName) values ('Daenerys', 'Arya');
insert into Favorite (ownerName, hostName) values ('Sansa', 'Brienne');
insert into Favorite (ownerName, hostName) values ('Alice', 'Jorah');
insert into Favorite (ownerName, hostName) values ('Mary', 'Tyrion');

-- CareTakers
insert into CareTakers (username) values ('JonSnow');
insert into CareTakers (username) values ('Arya');
insert into CareTakers (username) values ('Ceisei');
insert into CareTakers (username) values ('Tyrion');
insert into CareTakers (username) values ('Jamie');
insert into CareTakers (username) values ('Brienne');
insert into CareTakers (username) values ('Khal');
insert into CareTakers (username) values ('Theon');
insert into CareTakers (username) values ('Jorah');
insert into CareTakers (username) values ('Bran');




---Services
insert into Services (hostName, minBid, startdate, enddate, capacity) values ('JonSnow', 920, '4/17/2019', '4/21/2019', 5);
insert into Services (hostName, minBid, startdate, enddate, capacity) values ('JonSnow', 497, '5/3/2018', '7/10/2018', 5);
insert into Services (hostName, minBid, startdate, enddate, capacity) values ('JonSnow', 681, '12/31/2018', '2/24/2019', 3);
insert into Services (hostName, minBid, startdate, enddate, capacity) values ('Arya', 956.95, '4/5/2018', '12/16/2018', 2);
insert into Services (hostName, minBid, startdate, enddate, capacity) values ('Arya', 877.58, '10/24/2018', '11/15/2018', 2);
insert into Services (hostName, minBid, startdate, enddate, capacity) values ('Ceisei', 214.78, '4/22/2018', '9/13/2018', 2);
insert into Services (hostName, minBid, startdate, enddate, capacity) values ('Tyrion', 355.96, '8/30/2018', '5/19/2018', 6);
insert into Services (hostName, minBid, startdate, enddate, capacity) values ('Tyrion', 455.7, '3/17/2019', '2/16/2019', 6);
insert into Services (hostName, minBid, startdate, enddate, capacity) values ('Tyrion', 910.9, '1/6/2019', '8/1/2018', 4);
insert into Services (hostName, minBid, startdate, enddate, capacity) values ('Jamie', 286.93, '5/9/2018', '9/30/2018', 1);
insert into Services (hostName, minBid, startdate, enddate, capacity) values ('Jamie', 565.05, '1/20/2019', '1/14/2019', 10);
insert into Services (hostName, minBid, startdate, enddate, capacity) values ('Jamie', 596.98, '1/29/2019', '6/25/2018', 3);
insert into Services (hostName, minBid, startdate, enddate, capacity) values ('Brienne', 777.33, '1/28/2019', '6/9/2018', 2);
insert into Services (hostName, minBid, startdate, enddate, capacity) values ('Brienne', 153.69, '9/17/2018', '10/27/2018', 1);
insert into Services (hostName, minBid, startdate, enddate, capacity) values ('Khal', 260.83, '6/14/2018', '10/1/2018', 1);
insert into Services (hostName, minBid, startdate, enddate, capacity) values ('Theon', 355.37, '4/30/2018', '8/1/2018', 1);
insert into Services (hostName, minBid, startdate, enddate, capacity) values ('Jorah', 528.38, '10/7/2018', '1/24/2019', 7);
insert into Services (hostName, minBid, startdate, enddate, capacity) values ('Jorah', 61.14, '4/17/2018', '11/6/2018', 3);
insert into Services (hostName, minBid, startdate, enddate, capacity) values ('Jorah', 219.14, '12/9/2018', '2/20/2019', 7);
insert into Services (hostName, minBid, startdate, enddate, capacity) values ('Jorah', 669.57, '4/1/2018', '8/4/2018', 3);



-- Wishlist
insert into Wishlist (ownerName, hostName, startdate, enddate) values ('Alice', 'JonSnow', '11/13/2018', '4/28/2018');
insert into Wishlist (ownerName, hostName, startdate, enddate) values ('Bob', 'JonSnow', '8/22/2018', '6/8/2018');
insert into Wishlist (ownerName, hostName, startdate, enddate) values ('Catherine', 'JonSnow', '11/18/2018', '7/16/2018');
insert into Wishlist (ownerName, hostName, startdate, enddate) values ('Catherine', 'JonSnow', '3/31/2019', '8/19/2018');
insert into Wishlist (ownerName, hostName, startdate, enddate) values ('Daisy', 'Arya', '2/17/2019', '1/22/2019');
insert into Wishlist (ownerName, hostName, startdate, enddate) values ('Emma', 'Arya', '9/12/2018', '12/25/2018');
insert into Wishlist (ownerName, hostName, startdate, enddate) values ('Ashley', 'Arya', '2/28/2019', '1/16/2019');
insert into Wishlist (ownerName, hostName, startdate, enddate) values ('Bob', 'Jamie', '11/8/2018', '12/10/2018');
insert into Wishlist (ownerName, hostName, startdate, enddate) values ('Linda', 'Jamie', '5/10/2018', '10/15/2018');
insert into Wishlist (ownerName, hostName, startdate, enddate) values ('Linda', 'Khal', '8/7/2018', '8/22/2018');
insert into Wishlist (ownerName, hostName, startdate, enddate) values ('Mary', 'Khal', '1/31/2019', '5/13/2018');
insert into Wishlist (ownerName, hostName, startdate, enddate) values ('Mary', 'Khal', '1/4/2019', '7/13/2018');
insert into Wishlist (ownerName, hostName, startdate, enddate) values ('Sansa', 'Khal', '4/15/2018', '1/4/2019');
insert into Wishlist (ownerName, hostName, startdate, enddate) values ('Sansa', 'Jorah', '12/9/2018', '2/21/2019');
insert into Wishlist (ownerName, hostName, startdate, enddate) values ('Sansa', 'Jorah', '7/15/2018', '3/21/2019');
insert into Wishlist (ownerName, hostName, startdate, enddate) values ('Emma', 'Jorah', '3/12/2019', '12/25/2018');
insert into Wishlist (ownerName, hostName, startdate, enddate) values ('Emma', 'Jorah', '2/27/2019', '9/6/2018');
insert into Wishlist (ownerName, hostName, startdate, enddate) values ('Catherine', 'Theon', '5/1/2018', '6/30/2018');
insert into Wishlist (ownerName, hostName, startdate, enddate) values ('Bob', 'Theon', '7/11/2018', '12/5/2018');
insert into Wishlist (ownerName, hostName, startdate, enddate) values ('Bob', 'Theon', '4/12/2018', '9/19/2018');

-- Pets
insert into Pets (petName, petType, ownerName) values ('Alice1', 'A', 'Alice');
insert into Pets (petName, petType, ownerName) values ('Alice2', 'B', 'Alice');
insert into Pets (petName, petType, ownerName) values ('Bob1', 'B', 'Bob');
insert into Pets (petName, petType, ownerName) values ('Bob2', 'C', 'Bob');
insert into Pets (petName, petType, ownerName) values ('Bob3', 'D', 'Bob');
insert into Pets (petName, petType, ownerName) values ('Catherine1', 'E', 'Catherine');
insert into Pets (petName, petType, ownerName) values ('Catherine2', 'F', 'Catherine');
insert into Pets (petName, petType, ownerName) values ('Daisy1', 'G', 'Daisy');
insert into Pets (petName, petType, ownerName) values ('Emma1', 'F', 'Emma');
insert into Pets (petName, petType, ownerName) values ('Emma2', 'G', 'Emma');
insert into Pets (petName, petType, ownerName) values ('Emma3', 'A', 'Emma');
insert into Pets (petName, petType, ownerName) values ('Emma4', 'C', 'Emma');
insert into Pets (petName, petType, ownerName) values ('Ashley1', 'R', 'Ashley');
insert into Pets (petName, petType, ownerName) values ('Linda1', 'T', 'Linda');
insert into Pets (petName, petType, ownerName) values ('Mary1', 'Y', 'Mary');
insert into Pets (petName, petType, ownerName) values ('Mary2', 'Y', 'Mary');
insert into Pets (petName, petType, ownerName) values ('Sansa1', 'T', 'Sansa');
insert into Pets (petName, petType, ownerName) values ('Sansa2', 'Y', 'Sansa');
insert into Pets (petName, petType, ownerName) values ('Sansa3', 'I', 'Sansa');
insert into Pets (petName, petType, ownerName) values ('Daenerys1', 'P', 'Daenerys');

---accommodated
insert into Accommodation (hostName, petName, ownerName, startdate, enddate) values ('JonSnow', 'Alice1', 'Alice', '12/17/2018', '5/5/2018');
insert into Accommodation (hostName, petName, ownerName, startdate, enddate) values ('JonSnow', 'Alice2', 'Alice', '2/18/2019', '9/4/2018');
insert into Accommodation (hostName, petName, ownerName, startdate, enddate) values ('Arya', 'Alice2', 'Alice', '10/4/2018', '8/22/2018');
insert into Accommodation (hostName, petName, ownerName, startdate, enddate) values ('Ceisei', 'Bob3', 'Bob', '9/6/2018', '5/25/2018');
insert into Accommodation (hostName, petName, ownerName, startdate, enddate) values ('Ceisei', 'Bob2', 'Bob', '12/13/2018', '3/7/2019');
insert into Accommodation (hostName, petName, ownerName, startdate, enddate) values ('Tyrion', 'Catherine1', 'Catherine', '4/29/2018', '7/30/2018');
insert into Accommodation (hostName, petName, ownerName, startdate, enddate) values ('Jamie', 'Daisy1', 'Daisy', '11/27/2018', '7/28/2018');
insert into Accommodation (hostName, petName, ownerName, startdate, enddate) values ('Jamie', 'Emma1', 'Emma', '3/12/2019', '11/18/2018');
insert into Accommodation (hostName, petName, ownerName, startdate, enddate) values ('Jamie', 'Emma2', 'Emma', '3/24/2019', '4/13/2018');
insert into Accommodation (hostName, petName, ownerName, startdate, enddate) values ('Jamie', 'Emma3', 'Emma', '7/30/2018', '5/3/2018');
insert into Accommodation (hostName, petName, ownerName, startdate, enddate) values ('Jamie', 'Ashley1', 'Ashley', '11/12/2018', '7/16/2018');
insert into Accommodation (hostName, petName, ownerName, startdate, enddate) values ('Jamie', 'Ashley1', 'Ashley', '5/1/2018', '1/22/2019');
insert into Accommodation (hostName, petName, ownerName, startdate, enddate) values ('Brienne', 'Linda1', 'Linda', '9/11/2018', '6/3/2018');
insert into Accommodation (hostName, petName, ownerName, startdate, enddate) values ('Brienne', 'Mary1', 'Mary', '10/13/2018', '4/23/2018');
insert into Accommodation (hostName, petName, ownerName, startdate, enddate) values ('Khal', 'Mary2', 'Mary', '9/22/2018', '9/8/2018');
insert into Accommodation (hostName, petName, ownerName, startdate, enddate) values ('Khal', 'Sansa1', 'Sansa', '1/4/2019', '4/24/2018');
insert into Accommodation (hostName, petName, ownerName, startdate, enddate) values ('Khal', 'Sansa3', 'Sansa', '3/6/2019', '6/11/2018');
insert into Accommodation (hostName, petName, ownerName, startdate, enddate) values ('Theon', 'Sansa2', 'Sansa', '4/3/2018', '9/28/2018');
insert into Accommodation (hostName, petName, ownerName, startdate, enddate) values ('Jorah', 'Daenerys1', 'Daenerys', '10/4/2018', '6/4/2018');
insert into Accommodation (hostName, petName, ownerName, startdate, enddate) values ('Bran', 'Daenerys1', 'Daenerys', '7/10/2018', '8/30/2018');

-- not_completed_accommodation
insert into Not_completed_accommodation (hostName, petName, ownerName, startdate, enddate) values ('JonSnow', 'Alice2', 'Alice', '7/6/2018', '5/12/2018');
insert into Not_completed_accommodation (hostName, petName, ownerName, startdate, enddate) values ('Arya', 'Bob3', 'Bob', '12/6/2018', '12/1/2018');
insert into Not_completed_accommodation (hostName, petName, ownerName, startdate, enddate) values ('Ceisei', 'Emma4', 'Emma', '11/5/2018', '11/5/2018');

-- Wishlist
insert into Wishlist (ownerName, hostName, startdate, enddate) values ('Alice', 'JonSnow', '11/13/2018', '4/28/2018');
insert into Wishlist (ownerName, hostName, startdate, enddate) values ('Bob', 'JonSnow', '8/22/2018', '6/8/2018');
insert into Wishlist (ownerName, hostName, startdate, enddate) values ('Catherine', 'JonSnow', '11/18/2018', '7/16/2018');
insert into Wishlist (ownerName, hostName, startdate, enddate) values ('Catherine', 'JonSnow', '3/31/2019', '8/19/2018');
insert into Wishlist (ownerName, hostName, startdate, enddate) values ('Daisy', 'Arya', '2/17/2019', '1/22/2019');
insert into Wishlist (ownerName, hostName, startdate, enddate) values ('Emma', 'Arya', '9/12/2018', '12/25/2018');
insert into Wishlist (ownerName, hostName, startdate, enddate) values ('Ashley', 'Arya', '2/28/2019', '1/16/2019');
insert into Wishlist (ownerName, hostName, startdate, enddate) values ('Bob', 'Jamie', '11/8/2018', '12/10/2018');
insert into Wishlist (ownerName, hostName, startdate, enddate) values ('Linda', 'Jamie', '5/10/2018', '10/15/2018');
insert into Wishlist (ownerName, hostName, startdate, enddate) values ('Linda', 'Khal', '8/7/2018', '8/22/2018');
insert into Wishlist (ownerName, hostName, startdate, enddate) values ('Mary', 'Khal', '1/31/2019', '5/13/2018');
insert into Wishlist (ownerName, hostName, startdate, enddate) values ('Mary', 'Khal', '1/4/2019', '7/13/2018');
insert into Wishlist (ownerName, hostName, startdate, enddate) values ('Sansa', 'Khal', '4/15/2018', '1/4/2019');
insert into Wishlist (ownerName, hostName, startdate, enddate) values ('Sansa', 'Jorah', '12/9/2018', '2/21/2019');
insert into Wishlist (ownerName, hostName, startdate, enddate) values ('Sansa', 'Jorah', '7/15/2018', '3/21/2019');
insert into Wishlist (ownerName, hostName, startdate, enddate) values ('Emma', 'Jorah', '3/12/2019', '12/25/2018');
insert into Wishlist (ownerName, hostName, startdate, enddate) values ('Emma', 'Jorah', '2/27/2019', '9/6/2018');
insert into Wishlist (ownerName, hostName, startdate, enddate) values ('Catherine', 'Theon', '5/1/2018', '6/30/2018');
insert into Wishlist (ownerName, hostName, startdate, enddate) values ('Bob', 'Theon', '7/11/2018', '12/5/2018');
insert into Wishlist (ownerName, hostName, startdate, enddate) values ('Bob', 'Theon', '4/12/2018', '9/19/2018');


--Bidding Status
insert into BiddingStatus (owerName, hostName, bids, petName, create_at, status, startdate, enddate) values ('Alice', 'JonSnow', 714.06, 'Alice2', '5:01', 'fail','7/6/2018', '8/17/2018');
insert into BiddingStatus (owerName, hostName, bids, petName, create_at, status,startdate, enddate) values ('Bob', 'JonSnow', 699.18, 'Bob3', '19:03', 'success','9/17/2018', '2/4/2019');
insert into BiddingStatus (owerName, hostName, bids, petName, create_at, status,startdate, enddate) values ('Catherine', 'JonSnow', 529.84, 'Catherine1', 'fail','7:58', '10/1/2018', '11/17/2018');
insert into BiddingStatus (owerName, hostName, bids, petName, create_at, status,startdate, enddate) values ('Daisy', 'Arya', 85.53, 'Daisy1', '3:18', 'fail','7/17/2018', '5/23/2018');
insert into BiddingStatus (owerName, hostName, bids, petName, create_at, status,startdate, enddate) values ('Ashley', 'Arya', 308.37, 'Ashley1', '23:34', 'success','4/23/2018', '7/31/2018');
insert into BiddingStatus (owerName, hostName, bids, petName, create_at, status,startdate, enddate) values ('Mary', 'Jamie', 444.2, 'Mary2', '13:14', 'fail','5/25/2018', '1/23/2019');
insert into BiddingStatus (owerName, hostName, bids, petName, create_at, status,startdate, enddate) values ('Emma', 'Jamie', 69.78, 'Emma4', '17:02', 'success','11/21/2018', '6/30/2018');
insert into BiddingStatus (owerName, hostName, bids, petName, create_at, status,startdate, enddate) values ('Bob', 'Jamie', 78.09, 'Bob2', '9:40', 'fail','11/16/2018', '8/18/2018');
insert into BiddingStatus (owerName, hostName, bids, petName, create_at, status,startdate, enddate) values ('Linda', 'Khal', 197.61, 'Linda1', '1:14', 'success','2/26/2019', '4/4/2018');
insert into BiddingStatus (owerName, hostName, bids, petName, create_at, status,startdate, enddate) values ('Linda', 'Jorah', 312.27, 'Linda1', '5:05', 'success','2/24/2019', '11/26/2018');
insert into BiddingStatus (owerName, hostName, bids, petName, create_at, status,startdate, enddate) values ('Emma', 'Jorah', 276.87, 'Emma3', '22:20', 'fail','5/28/2018', '1/24/2019');
insert into BiddingStatus (owerName, hostName, bids, petName, create_at, status,startdate, enddate) values ('Emma', 'Theon', 856.67, 'Emma2', '13:56', 'fail','9/8/2018', '6/9/2018');
insert into BiddingStatus (owerName, hostName, bids, petName, create_at, status,startdate, enddate) values ('Sansa', 'Ceisei', 105.77, 'Sansa3', '9:47', 'success','9/29/2018', '8/4/2018');
insert into BiddingStatus (owerName, hostName, bids, petName, create_at, status,startdate, enddate) values ('Catherine', 'Ceisei', 222.95, 'Catherine2', '4:55', 'fail','8/24/2018', '1/16/2019');
insert into BiddingStatus (owerName, hostName, bids, petName, create_at, status,startdate, enddate) values ('Ashley', 'Theon', 471.98, 'Ashley1', '11:41', 'fail','8/12/2018', '5/14/2018');
insert into BiddingStatus (owerName, hostName, bids, petName, create_at, status,startdate, enddate) values ('Ashley', 'Jorah', 676.34, 'Ashley1', '12:50', 'fail','10/13/2018', '10/22/2018');
insert into BiddingStatus (owerName, hostName, bids, petName, create_at, status,startdate, enddate) values ('Daenerys', 'Theon', 195.19, 'Daenerys1', '12:29', 'fail','12/26/2018', '10/1/2018');
--- 下面的还没写
---insert into BiddingStatus (owerName, hostName, bids, petName, create_at, status,startdate, enddate) values ('mkerseyh', 'mshanksterh', 753.35, 'aaa', '4:14', '11/25/2018', '5/27/2018');
---insert into BiddingStatus (owerName, hostName, bids, petName, create_at, status,startdate, enddate) values ('ltytcombi', 'sfishbiei', 681.54, 'cheimsi', '18:41', '6/18/2018', '6/11/2018');
---insert into BiddingStatus (owerName, hostName, bids, petName, create_at, status,startdate, enddate) values ('vgrollj', 'mhatliffj', 994.93, 'cmarvellj', '8:59', '8/13/2018', '9/10/2018');
-- need to manually add in the status



